<?xml version="1.0" encoding="utf-8" ?><dwsync><file name="readme.md" server="bongopress.co" local="3579596422" remote="3524356800" Dst="-1" /><file name="tinymce-small.eot" server="bongopress.co" local="3579596422" remote="3524356800" Dst="-1" /><file name="tinymce-small.svg" server="bongopress.co" local="3579596422" remote="3524356800" Dst="-1" /><file name="tinymce-small.ttf" server="bongopress.co" local="3579596422" remote="3524356800" Dst="-1" /><file name="tinymce-small.woff" server="bongopress.co" local="3579596422" remote="3524356800" Dst="-1" /><file name="tinymce.eot" server="bongopress.co" local="3579596422" remote="3524356800" Dst="-1" /><file name="tinymce.svg" server="bongopress.co" local="3579596423" remote="3524356800" Dst="-1" /><file name="tinymce.ttf" server="bongopress.co" local="3579596423" remote="3524356800" Dst="-1" /><file name="tinymce.woff" server="bongopress.co" local="3579596423" remote="3524356800" Dst="-1" /></dwsync>